review_text,rating,date
won't stop sending notifications no matter how many times i change settings. so many notifications,1,2026-03-16 02:30:18
it tells me to put in my driver's license every time I come in. which I do and it doesn't let me in. I just recently got a new phone number so this is a problem.,1,2026-03-16 02:27:33
"Drivers consistently cancel rides before pick up and the app gets stuck in a loop trying to find a new one. Only work around is to cancel the request and make a new, forcing you to wait all over.",1,2026-03-16 02:13:17
"several issues with the app for both drivers and users. I'll pick the fastest option and I'll be waiting for 20 minutes. I also chose the option for lyft to where it chooses rides with women and nonbinary folk, and I'll still be mostly riding with men. Lastly, and this affects both users and drivers, the GPS with lyft is just insane. From outrageous routes to trying to make you turn places you can't even turn. it's dangerous.",2,2026-03-16 00:46:17
according can't get to. my scheduled ride to change the. pickup date!,3,2026-03-16 00:41:01
friendly drivers short wait time most of the time reasonable prices,5,2026-03-16 00:27:48
Hard to edit Hard to enter route and stops. by,3,2026-03-16 00:18:55
good and will get u 2 ur destination.,5,2026-03-15 23:52:05
I hate when they do the 15% off flash discount because a ride that usually cost me $7-$11 now cost $17-25 a quick 10 minute ride to work cost double to triple the amount for a so called discount.... how do I opt out of the discount and keep my fares reasonable smgdh always a scam or highway robbery every where you turn when you just trying to get to work....shameful but every blue moon you get a little here you go over reasonable fare for the 10 minute ride,3,2026-03-15 23:36:46
My car broke down near the town of Andrews Texas and I had to get to a job so I went on the app and scheduled a pickup. The tow truck picked my car up and I waited and waited for my Lyft driver that never showed up. I waited for over an hour past the scheduled pick up time for a ghost. In turn I lost that client and I have Lyft to blame. NEVER AGAIN!,1,2026-03-15 22:22:23
don't like a 3 party charge as well as a 3 party tip an the license plate I can not report cause it does not show so I report the lift driver that I get the lift an I'm denied my refund up to 30 cash upload,1,2026-03-15 21:36:24
Drivers on this app are genuinely terrible and the prices are absurd.,1,2026-03-15 21:27:25
LYFT is so expensive worst app ever I'm going back to Uber unless they update fast I had to walk to work it was so embarrassing,1,2026-03-15 19:21:55
"Lyft has been a life saver for me! it's cheap! and every single person I've gotten a ride from has been amazing! I hate that sometimes I don't have any money left for a tip, but I do give them five stars because they've been so great! Definitely worth it!",5,2026-03-15 19:16:17
all drivers have caring and n respectively good ĺ,5,2026-03-15 19:01:53
"afterbwaiting 20 min for a ride, a driver 10 min away cancelled on me. im just gonna use waymp",1,2026-03-15 18:48:09
"Outrageous prices. My driver was super untrustworthy. Uber is less expensive and cheaper. Lyft is going down hill quickly. The entire vibe is we are better You. I'm sure its different for middle-upper class. If you love the feeling of being dehumanized, all the power to you. At least Uber treats customers like humans. oh, we are",1,2026-03-15 18:38:10
its awful with trying to get drivers. it takes up to 40min sometimes 😕 had to re-download Uber 😒,1,2026-03-15 18:12:53
"Absolute trash of an app. You will NEVER get to your destination on time, especially if youre desperate. They will just leave you hanging for an hour, never update you, and lie constantly about the time and price. Not enough drivers paid very little, and it shows. NEVER DOWNLOAD. Other rideshare apps at least pretend to care about your time and money, lyft clearly thinks they dont have to.",1,2026-03-15 16:27:34
Love it because they are there when you need them no matter what.,5,2026-03-15 14:45:16
Lyft does a lot of lying. There's no such thing as Lyft Silver in the app. Or even in the USA. Lyft lies also about using your debit card even after you send them proof from the bank. Lyft AI is as bad as Lyft app. Lyft on 02/21/2026. From dept store to home is $16.97 at 4:40 pm. Uber same distance is $9.96. Better and cheaper to use Uber. Lyft goes back to there old way of pricing. Then I will use them again. But for the same pick up and drop off pricing. Uber is cheaper.,1,2026-03-15 14:38:39
scheduled ride was not provided. I would like so eone from lyft to follow.up with and ex plain why!!!,1,2026-03-15 14:24:50
on fri 13 i had few dollars on card 11 i used lyft they took my money and did not send a car its cool ill catch the bus 2.00 verse 11.and drop off about the same.im tired of this lyft i fell off the lyft . they denied everything but its all good you ppl are awful all on the east coast scheming scamming.like airtalk they're over here broke.,1,2026-03-15 13:37:37
need a r8de,5,2026-03-15 13:17:05
this program is garbage! never use again. Never! Never! Never!,1,2026-03-15 12:16:52
rates been sky rocket,4,2026-03-15 11:49:16
Chris was awesome very person able,5,2026-03-15 11:12:56
gets me where I need to go.... safely,5,2026-03-15 10:19:21
your driver's take jobs then leave the rider waiting. horrible service.,1,2026-03-15 10:04:30
loved it 😜,5,2026-03-15 10:02:11
"Such a scam. Same (short) ride, at the same time was quoted $9 for my friend and $15 for me. So messed up it analyzes your personal data to charge you more. Being charged 150% of what someone else is charged is INSANE.",1,2026-03-15 04:22:59
"Lyft always advertises lower rates, but you always have to wait twice as long as it says. my last ride I waited three times as long and the driver cancelled. horrible experience.",1,2026-03-15 03:52:12
Fine now go back to lyft,5,2026-03-15 02:32:24
Good prices good service,5,2026-03-15 02:28:30
"They claim to value women's safety, but offer no support when you're in an unsafe situation. I had a Lyft car arrive with the wrong license plate, and the driver called me through the app insisting I should enter anyway. I was by myself in a dark alley and felt unsafe, so I cancelled the ride so the rider would leave. Now, Lyft refuses to offer me a refund. I've never been treated with such disrespect from Uber, so I'm uninstalling Lyft and returning to Uber.",1,2026-03-15 01:29:13
Lyft!! You're charging way too much! Your price for my trip: $55. Uber's price: $22. Because I'm only traveling 7 miles. And you don't offer ANY benefits to justify such ridiculous prices. This is why I rarely ever use Lyft.,1,2026-03-15 00:22:54
please lower prices thank you,4,2026-03-14 23:59:28
Cannot see scheduled ride despite uninstalling & reinstalling the app. Also cannot schedule a return ride.,3,2026-03-14 23:48:41
"This app is horrible. It tells you to wait 5 minutes, but it actually takes 15. Then, if you cancel the ride because of their delay, they still charge you a fee. Don't use this, especially if you are in a hurry or have an emergency.",1,2026-03-14 21:37:05
Includes misleading advertising. doesn't allow to define the tip I want to give. Collects a tip I don't want to pay!,1,2026-03-14 18:34:30
Old reliable,5,2026-03-14 12:59:11
"I'm trying to catch a ride, not drive for Lyft..this sucks ... cut the advertising send a car",1,2026-03-14 10:34:04
Canceled my account for some reason while i was trying to order a ride. Uber is more reliable.,1,2026-03-14 10:29:28
"Driver did not tell me where he was. Then when I eventually found him, he refused to take me. I am a woman alome late at night. And I can't write feedback in the app to describe my experience. Nor to rate the driver for a ride he refused to pick up but yet a fee was taken.",2,2026-03-14 10:28:31
"this ride share app is trash when compared to uber. pm to pm: do better, you should be fired",1,2026-03-14 09:54:29
I love this app,5,2026-03-14 09:49:05
garbage app!!!! Don't waste your time with Lyft. Uber is the way to go,1,2026-03-14 09:24:36
All it does is charge you more than Uber. Do you have rewards? Good luck. Awful on all fronts.,1,2026-03-14 09:05:46
Convenient service. Arrival and trip times are outright lies. Edited to add: App is intentionally designed to make it impossible to get help or to report poor service. Edit: more of the same. Garbage app. Been waiting for 20 when it said 8. Choose any competitor.,1,2026-03-14 08:28:55
I only use Uber,1,2026-03-14 07:17:18
it's not letting me create an account. help!!,1,2026-03-14 07:06:03
worst ride app I've had in 10 years. how to do 12 drivers cancel in 20 mins. Now I'm late to work because the drivers aren't dependable in this area.,1,2026-03-14 06:43:44
APPRECIATE THE RIDES ESPECIALLY WITH MY PHYSICAL CONDITIONS AND DIMISHING HEALTH . THANK YOU LYFT,5,2026-03-14 05:45:14
you like to send you drivers to the wrong place and then charge a cancellation fee. thanks I love being late for work and then getting charged for it.,1,2026-03-14 05:43:22
it was a great app experience until they planted giant ads on every page,2,2026-03-14 05:01:19
Customer service just talks in circles. The tactic seems to be exhausting the customer expecting them to give up on complaints. Closed account instead of continuing to go in circles with customer service representatives that seem to be trained to pretend to be clueless.,1,2026-03-14 04:32:29
"Drivers cancel too often, wait times quoted are always way too low. Customer service is virtually nonexistent",1,2026-03-14 03:17:22
"Apathetic to owners of old phones who don't upgrade because of cost (and liking their phones), now absolutely tone deaf management during time of extremely high memory prices. Are you trying to turn me into an Uber customer? They don't seem to have these problems.",1,2026-03-14 03:12:16
waited 20 minutes and driver cancelled last second. never had this with Uber. bye lyft!,2,2026-03-14 03:06:20
my last ride with Julio Cesar was wonderful. he went out of his way to make us feel safe. please thank him for us again!! 🙏,5,2026-03-14 02:09:48
much more expensive than Uber,3,2026-03-14 01:50:15
you charge me for a lift it didn't come this morning were.my money,2,2026-03-14 01:31:29
stop removing the ability to choose a custom tip amount. this App would be just fine if some idiot didnt change the payment process every six months,1,2026-03-14 01:28:36
"off and on problems... besides that, okay.",4,2026-03-14 01:14:37
app has gone down. it takes way longer than expected. and it's not sometimes. I've had this on my past four rides to where I canceled. And I just had it happen again. I selected to where it would be 10 minutes and on top of it taking 18 minutes for my ride to get here it took like 5 or 6 minutes just to find a ride. to mention they've raised their prices. a 1 mile ride costs me 15$ other apps are half that,3,2026-03-13 23:54:10
"Got the non-wait ride and it gave me someone 12 minutes away then it gave me someone closer but then when they arrived to drop someone else off, I checked my phone and it said the ride was cancelled. I literally saw the car drive by me in the parking lot. then after that they gave me a ride that'll take 9 minute to arrive. I could walk to the location in 10 minute so I decided to walk in the snow with groceries and a broken zipper. the pain of that walk was better than the pain of Lyft",1,2026-03-13 23:45:16
overpriced like hell Jesus my job is like 2.5 miles away uber price 10 to 15 dollars Lyft 30 to 40 make it make sense done with this trash.,1,2026-03-13 23:33:44
drains my battery like crazy. About 1% per minute while using the app. it's made it unusable.,2,2026-03-13 23:22:32
"Dropping a one star review in hopes of actually getting my review noticed. I want to be able to request only drivers that speak a specific language. If I want to drive in silence because the driver can't communicate I don't need Lyft, I can take Waymo. I want to be able to have human interaction. I travel a lot and use your app a lot. I often get my best advice for food, places to see, and safe neighborhoods from the drivers. I don't want to waste time asking after already requesting the car.",1,2026-03-13 23:02:11
Lyft already charges so much for their service. Now they're forcing you to watch ads before you can see where your driver is so they can get more. 👎🏻👎🏻👎🏻,1,2026-03-13 22:05:52
"changed cards and it went up $6. ""Prices May Vary"". So, how ""random"" will these prices be if i read the fine print the things i say yes to?",3,2026-03-13 22:02:04
"Okay app, depends on location for effectiveness. Not great at estimating time. Not good at screening out drivers - the rating system tends to skew in favor of overrating. Also, at busy times availability isn't great. At midnight at the airport, you know who the Lyft users are - they are the people still waiting for cars long after the Uber users have been picked up. it is, however, slightly cheaper on average.",3,2026-03-13 20:58:23
"As nice as the app is sometimes, it is not only super predatory on times but also the times aren't accurate and I'm not sure when their last GPS update was but they need to do one. Drivers are constantly getting lost or going super long routes for no reason. Wasting the customers time and the driver's gas.",3,2026-03-13 19:14:52
played a full screen ad with flashing lights and disturbing suggestive images. there was no ability to stop this playback. this could trigger a seizure in vulnerable populations.,1,2026-03-13 17:06:17
to nearly double in price in less than a year and be even more unreliable is an insane business model,1,2026-03-13 16:08:06
always a great experience when I need a lyft I no who i can count on Lyft it's awesome.,5,2026-03-13 14:38:07
I think it's unacceptable that this app charges $42 for 9 miles,2,2026-03-13 13:18:01
"yeah the driver cancelled on me less than one hr before he was due to arrive , the app never notified me about it and I had to scramble to get a ride last minute from somewhere else . I had to fight the AI to get my refund.",1,2026-03-13 09:31:35
extended wait times and throttling when a price is arbitrarily increased. two thumbs down.,1,2026-03-13 09:15:12
easy to understand and use,5,2026-03-13 07:10:58
"Lyft is getting worse with pairing a driver to ride but the time increases while you wait. Then the driver will cancel and someone picks up who was closer apparently. I've had this happen 3 times during one Lyft attempt. But its happened at least twice during several others. Probably nothing Lyft can or cares to fix but it sucks. If my ride is booked, why do I have to wait 1 to 5 minutes to see the driver?!!! Pay the drivers better and stop asking for a tip well before I get to my drop-off!!",1,2026-03-13 06:35:53
good,5,2026-03-13 05:21:08
Used to be my go to ride app. Slowly it got more expensive and the drivers would cancel rides at the last moment. Loved Lyft for the last five years. Time to move on. edit: 03/26 tried again and just terrible. lowered from 2 Star to 1.,1,2026-03-13 04:30:20
I was trying to schedule a ride for when we land. it took my payment and sent a driver immediately!😡,1,2026-03-13 03:58:13
"Lyft used to be great! now apparently they got too greedy so many drivers going to Uber only, their rates are cheaper too! Good going lyft!😹",1,2026-03-13 03:07:28
Great very pleasant,5,2026-03-13 02:27:40
great!,5,2026-03-13 02:17:09
"No actual customer support, just broken AI chatbots.",1,2026-03-13 02:08:18
a driver falsly accused me of causing damage and lyft charged me without doing a proper investigation,1,2026-03-13 02:02:00
"basura, son deshonestos con las promos así que no regales tus datos a cambio de nada. son falsas. el precio es el mismo solo q lo inflan para así darte los supuestos $10, en otras palabras te están engañando, comparen con uber y les va a salir igual antes de que caigan en esto.",1,2026-03-12 23:07:42
"Problem below still exists. Latest update also makes it so you can't see the ride prices if your phone is in dark mode! Bad font color for the numbers... For some reason, the app uses the ringtone volume on your phone to play music when a driver is assigned to your ride request. It should only use the notification volume to make sounds as it is not a phone-calling app.",2,2026-03-12 22:51:15
"first time using this app, and im very dissapointed.",1,2026-03-12 22:07:57
"Driver was dishonest and started timer 10 minutes before I even got in the car. Chat person did nothing to resolve even though they could tell I didn't leave my location because they sent an, ""Are you okay?"" message to me because of 10 minutes not moving. They know he was scamming the system and did nothing to make it right. Poor customer service and no accountability for dishonest behavior.",1,2026-03-12 18:40:18
useless,1,2026-03-12 18:31:47
"if there was a option for zero stars. this company deserves it. i'm writing this to say never use lyft , if their driver cancels on your ride.They will hold your money for 5-7 days. i literally don't have money for food in their holding my money ransom.Because their driver canceled on me. your guys Policies need to change and maybe I'll be a customer again. Installing Uber. and happier paying them more. lyft is terrible!!!!!!!",1,2026-03-12 18:18:14
"fantastic app, does what its supposed to and gets me where I need to go",5,2026-03-12 17:11:08
Great ride,5,2026-03-12 17:04:56
20 minutes wasted just to never find a ride. Just get an E-scooter or something at this point.,1,2026-03-12 15:43:03
terrible,1,2026-03-12 11:52:17
great,5,2026-03-12 11:46:37
Left is reliable,5,2026-03-12 09:34:14
the worst price in new Orleans $50 to go around the corner,1,2026-03-12 09:31:52
"I want this lft ad off my maps, my maps is covered with ur app?? please tell me how to get it off i depend on my maps for direction.",1,2026-03-12 08:20:27
good app,5,2026-03-12 06:18:45
they have pronouns on this app now OMG,2,2026-03-12 04:40:27
Directions at PHL airport are horrible. It assigned me to a pickup point three terminals away and was no help in finding it.,1,2026-03-12 03:48:56
terrible app. several times i have been given a time estimation (15-20 minutes) and then it took over an hour. horrible experience,1,2026-03-12 03:44:30
I love this company because they are reliable and dependable!!!,5,2026-03-12 03:20:02
more than 3 times the price of Uber is insane,1,2026-03-12 01:43:05
here lately the drivers have been extremely slow to where they're making me late to work on top of the reckless drivers,1,2026-03-12 01:31:07
"They just replace my rides and make me extremely late. I would not rely on them for anything, they changed the app so you can't see arrival times. Id rather pay more for Uber",1,2026-03-12 01:30:04
"I know it's not the app's fault, but there are fewer drivers on Lyft compared to Uber in my area. I'm about 30 mins north of SF, so it's a bit surprising how Uber is the favored choice here",5,2026-03-12 01:01:01
"This review is after 7 years of using Lyft, the past 3 years I'd say Lyft prices has increased exponentially and their terms of service has not been favorable to their customers not sure how it is on the drivers side. I've had some wild experiences with Lyft including overcharging for rides; to be specific I took a Lyft ride from work to home and the ride price initially was 40$ 2 months later when I checked I was charged 90$ I had to reach out to Lyft which was a maze due to Lyft's ai system.",2,2026-03-11 23:24:00
wait times are horrible 😕 you can order a half an hour in advance and still show up late to your destination because drive want to mm pick from across the universe instead of getting actual close drivers been a member since 21 this app is nothing like it used to be,2,2026-03-11 23:11:03
very good person,5,2026-03-11 22:27:02
"Been using the app for about a year and I can say on avg it's 10-15min longer wait than uber. I left uber because they're customer service department is trash but I'll have to go back as lyft feels like it's getting worse, pushing adds for ride upgrades instead of assigning a driver.",1,2026-03-11 21:28:20
"I've had numerous incidents where a driver will accept the pickup wait 5-10 minutes and then decide they don't want it and it switches to another driver making people late for work I've been late for work three times because a lift and this issue the last time the girl was 3 minutes away and I guess she decided she didn't want to do it so it switched drivers to a guy who was 8 minutes away for 20 minutes, which made me late for work, I don't know why they allow drivers to switch at the last minu",1,2026-03-11 21:05:16
"The app is garbage once it gets used to the schedule that you normally take it then, jumps the price up to thirty five forty dollar rides for 2 miles down the road and pushes it's subscription service",1,2026-03-11 18:04:34
authorization hold on 40 bucks and zapped it from my account with just errors. make an app that works,1,2026-03-11 17:54:06
drivers are selfish and scammers,1,2026-03-11 15:57:48
"The Lyft app is honestly garbage, especially the “Wait & Save” option. It promises a cheaper ride if you’re willing to wait, but the wait time is completely unreliable. I’ve had rides show up way later than the estimate, sometimes get reassigned multiple times, or even canceled after waiting. What’s the point of choosing “Wait & Save” if the timing is so inconsistent? It just ends up wasting your time and causing frustration. Lyft seriously needs to fix this feature.",1,2026-03-11 15:31:07
always convenient and real friendly and clean,5,2026-03-11 09:57:47
cannot link my promos to this account,1,2026-03-11 04:50:23
Fantastic.,5,2026-03-11 03:31:12
"if it wasn't for Lyft, I wouldn't get to work on time. Thanks to all the drivers. you guys are MVPs, I think its ridiculous that Lyft takes 40+% of the total.",5,2026-03-11 02:52:23
"Sure would be nice if the Women+ Connect option worked literally ONCE in the time I've been opted into it, in the multiple cities I've had to use Lyft in.",1,2026-03-11 00:57:01
very nice,5,2026-03-10 20:47:18
it good,5,2026-03-10 20:40:51
"Beware, this is now a scam. Most of the time it's more expensive than Uber. You try to get a cheaper option (wait and save) and you just get scammed again—expensive, inefficient. My driver took the longest way possible, took more than 15 minutes on a 9-minute ride, and if I canceled, I got $3 scammed. Yep, going back to Uber.",1,2026-03-10 19:56:26
Please help service Customers BETTER. Please help the driver's service the customers BETTER and Florida.,1,2026-03-10 19:46:42
Not great at finding rides. I end up spending like 30 minutes on the 'finding a driver in a few seconds' screen whereas uber finds me a ride in 5 minutes,2,2026-03-10 17:41:42
excellent so far great and fast service,5,2026-03-10 14:16:21
"If you have to pay for repeated rides a lot they do offer good discounts for it, for a small fee. I also did not intend to purchase the passes, and they were wonderful about refunding them!",5,2026-03-10 12:56:38
I've been satisfied with the service since I've been writing,5,2026-03-10 11:38:06
giood service but higher prices,3,2026-03-10 08:26:26
"The best. Always nice, prompt, and clean.",5,2026-03-10 08:12:58
the rates for my area are almost double the rates of Uber,2,2026-03-10 08:03:55
how does the price go up from 4.94 to 19.58 for a ride literally 2 streets over I understand that drivers may be out of the area but that's ridiculous,2,2026-03-10 07:37:18
Awesome drivers!⭐⭐⭐⭐⭐,5,2026-03-10 05:06:47
"Today is March 9th, and Drivers Lift made me lose 15 minutes. Two drivers took my route and canceled it, until the third one took it and brought me to work. That's why I'm giving one star.",1,2026-03-10 04:19:42
that don't get my location right they all ways do this to me and for this I Terminate that app from my phone I am not amused 🧐 update 3/9/26/ I have given it another go all was well until the process more than double where it only cost me $7 to $11 now its most $20 + I I'm still not amused 🧐,3,2026-03-10 03:46:18
sketchy on a good day... drivers may pick you up... or act like a taxi and get someone else and still get paid by you.,1,2026-03-10 03:27:12
Best customer service. Very helpful and Always Kind,5,2026-03-10 01:14:54
friendly and clean cars always,5,2026-03-09 22:54:19
"Tips are automatic now. genuinely terrible change, i didn't consent to being charged that much. also, the wait time is NEVER accurate.",1,2026-03-09 22:23:26
fast response time. once you place your destination. sometimes the Ride is immediately Available. have on your Shoes and ready to go. Lyft is sometimes in a instant. waiting for you.,5,2026-03-09 21:52:47
zero stars absolutely terrible service id never recommend,1,2026-03-09 21:50:40
"fine when it works but why when I'm waiting 15+ minutes for a ride and then cancel because it's not worth it anymore do I get a pop up saying cancelling can result in longer wait times? I don't live in a small city and i don't care if there are 5+ rides within a 1 mile radius, none of them are picking up???? Just give me my money back for the service I didn't get.",2,2026-03-09 18:39:41
"I really wanna give more stars but the drivers I get ALWAYS make me late for appointments,they cancel my rides. some of them shouldn't even be driving. I have had 3 drivers total id recommend. Theres more trouble with the drivers I get then anything.",2,2026-03-09 18:20:28
"When the app ""works"" its great but for the past 2 months It's been hell trying to use it just to get home from work. I live 8mins away and the general prices would range from 13-20 and only take 10mins max to find a driver. Now its constant $50-$60+ even with plenty of drivers in the area and the route it takes is longer than needed because it thinks an on-ramp is still closed from construction but its been open for 4 months now. Have been using this service for almost a year now.",3,2026-03-09 18:09:42
"it was cool at first then the prices got high in as soon as I order a lyft just now they took $17 from me on top of the $7.00 yall prices are getting way to high n I dont like fact that yall wait until the next day to charge my card for whatever reason then y'all taking a service fee on top oftentimes, actual fee y'all tripping.This gonna be my last time using lyft i wish I can give y'all zero stars.Y'all really took seventeen dollars from me and this is not the first time that it's happened",1,2026-03-09 16:09:01
so far a good experience,4,2026-03-09 13:22:39
I love it,5,2026-03-09 11:42:55
"When using that, I've always gotten my where I need to go to my destination and back safely. I really appreciate it being sad. I do not have a car or friends that have things to do. Unable to take me so I'm very happy with let's write and keep 2 Panderland taken a cab.\n!!!¡)))",5,2026-03-09 09:21:56
good traveling time drivers on point.,5,2026-03-09 07:28:15
love Lyft and actually most recently its been way cheaper the uber so thats great.... 👌,5,2026-03-09 07:00:49
"Cannot even use the actual function of the app. Keeps defaulting to signing up/logging in with a phone, don't get the code, so stuck indefinitely on a log in screen. Wifi is fine.",1,2026-03-09 05:59:11
"can't seem to get a ride from anyone anywhere, and the person I got canceled the ride on their way to me.",1,2026-03-09 05:43:52
ok I do it long-term but sometimes is crazy low pay,4,2026-03-09 05:07:51
I just want to know what it will cost to ride from the airport to home! why is it so complicated,3,2026-03-09 02:52:59
canceled my ride then upped the price to twice as much for the next one,1,2026-03-09 02:35:49
"I will *never* use lyft again. you guys had me late because it sat on ""just a few more seconds for multiple minutes. maybe ten or twenty. YOU COULD HAVE JUST SAID THERE WERE NO DRIVERS AROUND!!! This is bad and deceptive design just awaiting a lawsuit. I went over to Uber and immediately got a ride.",1,2026-03-09 01:03:10
"03/07/2026 LYFT NEEDS TO DO BETTER or do away with the ride share in all Yelp reviews for Lyft are overwhelmingly negative, with an average rating of 1.9 out of 5 stars based on over 7,000 reviews. Customers frequently cite poor customer service, difficulty resolving billing disputes, overcharging, and, in some cases, the inability to cancel rides as major issues.  ￼Yelp +2",1,2026-03-08 22:52:44
good for cheap rides but sucks at finding rides. or they would take an hour just to find a ride that's supposed to take 5 minutes to take me to work.,5,2026-03-08 22:33:14
"Overcharge I have been using ride shares for years and never had a sketchy overcharge like this ride. The details are on 3/3/26, I was picked up at Dallas Love airport & dropped off in Waxahachie. It was supposed to be $48 for 35 mile ride and just under 1 hour. Lyft charged me for 68 miles & 1 hour & 51 minute ride. I complained about the fare being twice as much for an extra ride I did not take. They will not make it right saying oh well the navigation sticks sometimes.",1,2026-03-08 22:15:24
"Beware, Lyft is having their driver's cancel their riders through you. They'll take another ride, ask you to cancel so you pay the fee, or leave your account on hold while you wait for it to be canceled. It's a common scam, but Lyft would rather not lose more drivers, and not pay their drivers more to solely use you. Expect 1:3 of your rides to now not make it.",1,2026-03-08 21:55:50
"Upcharging for time of day only to make you wait too long and make you late for work while letting you thinknyou are getting a better deal bybtelling you that you're upgraded. So yeah, you get 1 star. I wish I could give you less.",1,2026-03-08 19:17:45
Bad experience they make sure that you don't know when to place your order the driver can be so late and other times like 2 minutes after you order and if you cancel even before you have a driver you have to pay for nothing,1,2026-03-08 17:28:06
I find Lyft to be twice as expensive as Uber.,2,2026-03-08 16:43:10
Just cancels your ride request for no response and I lost my job cause of it.,1,2026-03-08 13:39:18
"Very bad customer service, I lost my phone and no one helping my to get it back!!! very bad app!!! red flag ❌️",1,2026-03-08 12:48:07
I think you guys are outrageously way too high considering how everything is like double these days it's literally I feel like you guys are getting what is highway robbery .and thani am freaking out because it's only like 10 MI I got to go when you are asking for $109 that is ridiculous dude I cannot believe that,3,2026-03-08 11:55:52
It's was good and they waited patiently for my husband get to and from the car,5,2026-03-08 11:12:56
"my friend was sick outside of the vehicle. and then passed out in the road. my driver showed no remorse or concen. then charged me 80 dollars for damage after chasing me down with a dry lysol wipe to clean it. I tried. it didn't work, so I put my friends safety above the while thing and took her inside. I'll never use lyft after being disrespected like that.",1,2026-03-08 08:52:09
very nice and respectful drivers with no chip or marshmallow on their shoulder. just straight forward and on time or better.,5,2026-03-08 08:11:32
I'm getting charged for a ride I never received,1,2026-03-08 07:05:12
Very good service,5,2026-03-08 06:11:43
lyft sucks. I go 3 miles and they ask 45 bucks.,1,2026-03-08 06:07:30
For 2.1 mi I would have to pay $31.99...no surge....plenty of drivers....You're stealing money. Uber is no different but at least it's half this.,1,2026-03-08 04:53:03
I've ended up with bikes with mechanical issues twice in the past two weeks and there's no way to contact support for a refund. Uninstalled and will never use this service again. Update: I forgot I swore I wouldn't use it again and used Bay Wheels which is owned by Lyft. I paid for a day pass for $15 which did nothing because I was also charged $13 for the bike ride. Scammers.,1,2026-03-08 03:42:08
"I've had trouble with the Lyft app on February 28, 2026. I had set the address in the app and everything was fine until the driver went past my destination. She told me that her GPS showed a mile away address. Today, I requested a ride to work and my driver could not find my location. He saw my address on his GPS but it was at a different house which is why he called me to double check. It isn't anything wrong with my device it is Lyft's app. Please look into this as I am moving forward. Thanks",3,2026-03-08 03:29:45
"Started out great, but soured once you start depending on it. Had a horrible experience and support staff said that it breaks their heart, but that is just how it is. I regret using the app and trusting their service.",1,2026-03-08 02:23:28
"Works fine, but no wear os app, and the recent notifications, dynamically changing, stops my watch from getting proper notification updates.",4,2026-03-08 02:21:04
good app,5,2026-03-08 02:18:18
I absolutely refuse to use any other transaction apps! I have been using lift for over a year and there's not one time I can think of having any issues or complaints,5,2026-03-08 01:25:12
I waited for 10 mins then the driver just when almost getting to me just turned around. and I was in the heart of downtown so no excuse. what makes this all worse is there was no way for me to report this issue. So I'm done with this app,1,2026-03-07 23:43:59
"I am extremely dissatisfied with the support I’ve received. My account was charged incorrectly, and despite spending over two hours on live chat and being transferred between five different agents, my issue remains unresolved. I am requesting an immediate refund and a clear explanation for these charges.",1,2026-03-07 22:13:30
garbage,1,2026-03-07 22:10:27
Why is there no quiet ride option for customer to tell driver they don't have to make small talk?,1,2026-03-07 22:06:13
I can't get help. I need you to text or call me now damn it.,1,2026-03-07 20:08:19
used to work fine but with new phone it will not allow successful login to app,2,2026-03-07 20:00:44
Worst app ever!,1,2026-03-07 18:44:34
way too expensive. a 30 min drive is close to $60,1,2026-03-07 14:09:50
cheaper then Uber and are polite and curtious...,5,2026-03-07 14:09:27
"I have just recently earned my""Marathon Badge"" meaning I have logged 100+ miles with Lyft thats alot of rides considering each trip is 2-3 miles, almost everytime I meet someone new..Im so thankful for this service my vehicle caught fire last year burned all the electrical underneath, you have made it possible to commute back and forth to work most times that I ride the cost has been affordable I use the wait and save for the most part, I would recommend Lyft to anyone needing a ride..thanks",5,2026-03-07 13:37:10
"If I could give zero stars I would. The fares always wind up being more expensive than originally implied. I mean it's raining tonight and the app said the car would be here two minutes ago and now it's saying it won't be here for another five or six minutes. In the spirit of Borat: You guys are NOT awesome.edit; $18 for a mile ride, and it's going to take 20 mins for the car to arrive to pick me up... cool. gotta keep the corporate account stacked right? cuz I know it ain't going to the driver",1,2026-03-07 12:48:01
promotion of 50% first two rides when you download the app are FAKE. Lyft would not accept it nor do you have the option too. interesting that Google would even allow it to happen. for shame Lyft and for shame Google. both of you suck,1,2026-03-07 12:18:18
the worse experience,1,2026-03-07 11:26:03
I have to keep telling my drivers where to turn or if they are going on the wrong exit. I look over to the driver's phone. The GPS the drivers have to use dont even have a line to follow. if they cant read English they get lost easily. it is really annoying and shouldn't even be a problem in the first place. Especially since on the passenger app there is a line that shows the direction from the GPS. So why only show it for the passenger 🤔. Please fix or let drivers use Google or apple map.,1,2026-03-07 11:19:15
"drivers are ok. however there's a severe lack of customer service and double standards with drivers and late fees. Drivers can make you wait as long as theyd like. but if youre late theres a fee BUT if they cant find you, even though the address is right, youre paying the fee for ""wasting the drivers time"" if there was any other alternative in my area other than uber, (which i do use sometimes) i wouldnt use lyft.",2,2026-03-07 10:45:07
awesome thanks,5,2026-03-07 09:21:42
The drivers who take me to my destination are the ultimate and amazing people.,5,2026-03-07 07:19:17
updated !!! still the worse had to use them with a friend the other night had to jog 2 blocks where the driver in wrong spot no use talking didn't speak ANYTHING ..... terrible better off walking Every update app gets worse ... Gpa inaccurate maps doesn't work.. suggested places doesn't work.. POS... Uninstalling sticking only with Uber a little more expensive but worth the time and aggravation... Terrible drivers.. 60% do t speak English or cars are a wreck ..goodbye forever !!!!!!!!!!,1,2026-03-07 06:20:18
"Lyft compared to Uber, Uber wins Hands down. I don't think I'll be driving for lyft ever again . I made 1400 bucks and its just Friday. 18 rides 315 dollars today, you will not make that kind of money with lyft.",1,2026-03-07 05:00:27
"over charged me for a ride, I've been catching lyft on and off for over 6 years and never had this issue. customer service will not refund me, my ride was originally $14 something by the time I looked at my phone they charged me $25. im highly upset, its the principal. A Lyft driver took his own way to drop me off, not only did I get charged extra but I was also made late to work.",1,2026-03-07 04:39:33
Getting to high just for a 2-block ride is $8 to $10 doing the week and weekend are $10 to $15 For a half mile...smh...,2,2026-03-07 04:32:12
"Due to my experiences today, I can no longer in good faith continue to use Lyft. I've been using them for years, but when falsely accused for damages without any evidence beyond pictures without metadata timestamps and refusing to take into consideration how impossible it would be for me to cause said damages? It leaves a horrible taste in your mouth. They promote drivers being able to scam you without without proper investigation, as any picture taken at any time can be used against you.",1,2026-03-07 04:02:06
unfair charges,1,2026-03-07 03:43:07
Garbage app. Drivers cancel all the time and you can't leave them a negative review; makes public transit look reliable by comparison.,1,2026-03-07 03:33:56
"literally goes from 15-60.00 for the same type of ride the wait and save option, same distance, wont let you change the route to avoid construction or shorten the route. while also not allowing me to remove past card information.",2,2026-03-07 03:29:30
this app is horrible. you may as well use a different one. it takes longer than it says every time. if you pick standard your waiting as long as wait and save anyway. I picked wait n save and got a driver right away 1 time but never on standard. it sends them the longest of routes also. it has quite a bit of bugs. why would you send them where the most traffic is. also the app exits sometimes and by the time you open it it costs more than it said 30 seconds ago. not good.,1,2026-03-07 02:49:58
"this company does not honor its rates, nor does it keep track of rate fluctuations. Several times my charges have been incorrect and customer service is of no use.",1,2026-03-07 02:18:11
good 👍,5,2026-03-07 01:47:41
They stopped sending text massages and they deleted additional riders also over priced just use public transportation it's way cheaper or walk stretch your legs. and some of the driver are rude and cancel the ride the second they see you,1,2026-03-07 01:46:06
"if you live where Citi bike rides are available, avoid it. it's a scam.i paid 15$ for a 3 mile bike.",1,2026-03-07 01:03:18
the app constantly has to be uninstall and re-install,1,2026-03-07 01:01:32
"the app is good, but you're about as expensive as a local cab. $30.00 for 7 miles, is a bit of price gouging don't you think?",3,2026-03-07 00:23:41
"Absolutely horrible, Zero Support.",1,2026-03-06 21:37:22
Terrible company,1,2026-03-06 21:35:48
Lyft is so much better than Uber,5,2026-03-06 20:02:20
"unsafe drivers, price gouging, and unreliable pickups. do not use.",1,2026-03-06 19:01:01
head an shoulders better uber in el paso .more professional drivers .Uber out here is ghetto they any body a car 🚗 all i use is Lyft to many dirty cars an unprofessional drivers on Uber..God bless,5,2026-03-06 18:19:09
"The prices change every 3 seconds. it went from $23 to $72, you guys are crooked and i will not be using Lyft any more. This is ridiculous so disappointing!!!",1,2026-03-06 17:30:23
nobody's paying $40 to go 2 mi dumbass stop gouging,1,2026-03-06 16:52:04
"i LOVE using Lyft, when I need a ride somewhere, most of the time their all very nice, socialable, and good customer service!!",5,2026-03-06 15:58:13
The prices for these rides are RIDICULOUSLY INSANELY EXPENSIVE!,1,2026-03-06 15:38:06
"Uber is way better, this is low budget service and does better, for your customers and your driver , when people leave this platform you then know , nothing about your service is convenient.",1,2026-03-06 14:10:50
Trash. Needs more VC money b4 bankruptcy,1,2026-03-06 13:58:54
"""just a few more seconds"" on a pickup always turns into 10 minutes of waiting to even have my ride accepted, then they hold your money if you cancel.",2,2026-03-06 12:27:20
couldn't enjoy the ride someone was following us. with a sound.,1,2026-03-06 11:06:12
"cool, but too expensive for disabled people. Get it?",4,2026-03-06 10:36:13
I've been riding with Lyft for a couple years now and I 100% totally love it! I highly recommend Lyft to everybody!,5,2026-03-06 10:27:58
customer service is deplorable it's a chat that doesn't even send notifications when an agent is available and there's no number to call I also got charged by a driver who drove around but just dropped me off at some random plaza instead of home,1,2026-03-06 10:06:58
they suck prices suck wouldn't recommend,1,2026-03-06 09:41:26
"BayWheels has been my primary transport, but I'm presently unable to access the Lyft network and so I'm waiting for an Uber that to take as long to pick me up as my bike ride would have taken and I'm late for my appointment. 😕 Also, Lyft will upsell you offering an earlier arrival and then frequently does not deliver 👎",2,2026-03-06 08:56:23
This app is just terrible. I request a ride only for the driver to cancel then I have to end up waiting longer than before for a new driver to come. Secondly the prices for my destination are just ridiculous because it shouldn't cost $1Mill just to travel 5 minutes. I also feel like they set this up on purpose and it makes me late for work & I feel like my time is being played with. Definitely trying something new.,1,2026-03-06 08:13:03
It is so amazing,5,2026-03-06 07:23:29
Horrible availability. They try to jack the prices sky high during busy times. psst,1,2026-03-06 07:16:41
drivers don't speak English and speed.. there is no reason to be going 85 miles on the free way.,1,2026-03-06 07:15:04
"Two issues. Ordered a ride three weeks in advance with special instructions for a large vehicle. The driver shows up and refuses to take my luggage, and makes up some story to justify his decision. Lucky for me, I am in a good area. I complain and get an AI chatbot—useless platitudes. Second issue- I tried to close the account and clear my payment details. Difficulty logging in to my account, and I was asked to wait 30 minutes. I am done and suggest avoiding this service.",1,2026-03-06 07:05:14
too expensive to ride this way. only needed to go 3/4 of the way.,5,2026-03-06 05:49:23
3 different driver ?,4,2026-03-06 05:48:34
good 👍,5,2026-03-06 05:44:16
"thank you Lyft for getting me fired. for the last couple of days consistently you have quoted me a time and price ( let's say 8-10 minutes) only for me to click it and it changes to 25-32 minutes each and every day. then the drivers have purposely taken the longest route in existence. plus, for some reason the prices have more than doubled this last week.",1,2026-03-06 05:17:28
they started me off with a low price to go 2.2 MI. can 3 days later they charged me triple what they were charging me. they're trying to steal from The working Man,1,2026-03-06 05:09:22
great 2nd customer experience,5,2026-03-06 04:57:44
would do less stars if possible,1,2026-03-06 04:54:09
"I need a ride ASAP from the Mall Barnes and mobile book store, 6 entrance",3,2026-03-06 04:43:32
awesome services,5,2026-03-06 04:33:24
"Don't rely on this app to get you where you need to go on time. I have been late to work so many times because Lyft will just randomly decide to make me wait an extra 30 minutes for no good reason. It's usually at least $30 for a 15 minute ride. $50 or more for a 30 minute ride. You can do the math from there. It's expensive. Slightly better than Uber, though.",2,2026-03-06 04:07:36
"charges more than Uber, and I click on a ride, didn't change over my money to the right account in time, and then 2 seconds later, i try again, and the charge went up from $18 something to $24, just like that. so dumb.",1,2026-03-06 04:05:31
"This is basically a useful ride-sharing app, but it has two major flaws. First, it will not let me include my lot number in my address when it is a critical part of my address. Second, they do not pass driver notes on to the drivers! Both of these bad practices have caused a lot of trouble for me, but they won't fix them.",3,2026-03-06 03:33:38
driver was safe and considerate! knew best route.,5,2026-03-06 03:31:50
Dude y'all need to hire dudes who know how to follow a GPS and to not wander off on a fully flushed quest when they're 2 minutes down the god damn road.,1,2026-03-06 02:44:19
I have nothing but good things to say about this app,5,2026-03-06 02:27:16
"I used to love this app because the pricing was better than Uber(I had horrible experiences with this app) but now they're both the same, overpriced and inconsistent timing of arrival. It's gotten to the point that sometimes I can't even tip the drivers anymore. I got the membership to see if it'll actually help me out but the prices stay the same or cost even more.",2,2026-03-06 02:06:23
Good prices and great drivers.,5,2026-03-06 01:36:09
very good 👍,5,2026-03-06 01:09:04
"I've been using both apps for over a decade and while Lyft has always been the ""economy"" option (though not always cheaper), it has recently become too much of a safety hazard to continue using at all. Vehicles do not match the description, drivers ignore traffic laws, speed, do not keep their hands on the wheel, multitask, or use drugs. More than once there's been a sick or unconscious passenger in a vehicle I requested.",1,2026-03-06 00:50:37
wonderful,5,2026-03-06 00:23:07
great,5,2026-03-05 22:44:11
"impossible to log in and customer support is nearly non-existent. The RIDER APP requires a DRIVERS LICENSE for some stupid reason. The app keeps telling me my license is not a valid license number, I have no suspensions or issues with my license. I'm stuck in a constant loop of being sent to the help center and then back to the app just to be stuck on the drivers license screen. Garbage app, Garbage customer service. Guess I'll have to get Uber instead.",1,2026-03-05 22:19:40
always friendly drivers,5,2026-03-05 22:10:38
how is it that the same ride on a 1 day difference gonna be $9 one day and $24 the next day,1,2026-03-05 20:27:05
There's only so many ride-share and taxi options in this city. Lyft has to be by far the worst experience. Considering only aspects that the app itself controls and dictates; there's a plethora of reasons to use other apps. It is never clear when a vehicle is otw to you or if they're currently also on another ride. drives seem close and are sudenly much further away from you. Map Navigation is brutally inefficient. Vehicle Location is slow to update. Calls to drivers go to voicemail.,2,2026-03-05 18:45:02
"so far it's only positive rides at a great price. on time, friendly service. have not needed any other paid transportation. point to point. on route detours I needed, we're handled without complaint.",5,2026-03-05 17:30:40
very satisfied,5,2026-03-05 14:58:41
convenient and nice safeguards but it's expensive due to hidden fees and ridiculous fees. a taxi ride is cheaper. I will check out the competitors,3,2026-03-05 12:29:39
it was wonderful . ⁷⁷ great ride with a excellent driver 👌 thank you !,5,2026-03-05 10:32:12
"Absolutely wild that you can log in through a computer to ONLY see a link to download the app. If I wanted the app on my phone right now, it would be on there. Give users the ability to review account security and recent activity without downloading yet another data stealing app.",1,2026-03-05 09:54:02
Been with Lyft for almost 10 years. App has malfunctioning 2x on me in Honolulu. Couldn't move pun or get help. Customer service has been impossible to get ahold of from but they have a useless AI agent so that's nice. Drivers refused to pick up until they got their $5 no show fee. Use other apps in this town.,1,2026-03-05 09:38:19
useful translation app but compare rates in other apps,4,2026-03-05 09:20:03
"I've enjoyed every Lyft ride and every dri ver for the past few years. I appreciate what Lyft does for those of us who have no other way to drive ourselves wherever and whenever we need a ride. Thank you for this much appreciated way to do whatever we need to do. I have always had very friendly drivers, male and female. Thank you for the wonderful service you provide for us.",5,2026-03-05 09:03:47
needs an update. I can't log in can't go home,1,2026-03-05 08:34:27
superior,5,2026-03-05 08:12:52
"I couldn't even start to use it. Lyft insisted I needed to add a 2nd card in order to use my 1st card. I have 1 bank account, one bank card. They suggested other options, none were useable by me. Next on to 'Support'. Each time I tried it I was to talking with a chat bot (no support from chatbot) it said ok 'wait for live support,' 30 minutes later, nothing. Try again. No support that time either. I'm 71, can't hardly breathe to walk, and can't get a Lyft taxi to get somewhere. Support? BS",1,2026-03-05 08:03:30
"Thank You! For your service. Sincerely, Ms. Jacqueline Brown",5,2026-03-05 08:00:57
wont accept my card. business lost sweetheart💅🏿✨️,1,2026-03-05 06:28:14
"Fix your notification settings please. I DO want to get ride notifications, and I DON'T want to get your garbage marketing notifications. Please fix your notification settings so it's clear which is which.",2,2026-03-05 04:24:15
why do prices change when I do the same stop to stop everyday? cancelation fee even though I dont have a ride yet? how is that possible,1,2026-03-05 04:21:09
I love it!,5,2026-03-05 03:20:30
every code they send me is wrong so i guess i just dont get to log in? shame i wanted to give these people any kind of money..,1,2026-03-05 02:36:39
why is the wait and save more expensive than standard? it's just a scam,1,2026-03-05 02:10:32
good way to avoid another dui. shout out to the people risking themselves out there with crazy drivers and customers and running the risk of having someone kidnap them. I pray the drivers stay safe.,5,2026-03-05 01:07:05
If you actually read the terms of service you have to waive your right to a jury trial in order to use Lyft. So you might use Lyft for 10 years without ever having an issue and if you're seriously injured one day they can just point to the agreement that you didn't actually read and say that you're entitled to nothing.,2,2026-03-04 23:34:52
"All of my Lyft Drivers here in West Virginia have been courteous, polite and respectful.",5,2026-03-04 23:25:54
"they nuked the ui, its really hard to use now",1,2026-03-04 21:35:31
Convenient and simple.,5,2026-03-04 21:30:36
"I will NEVER use Lyft again. im a new customer. it stated that I had $10 off the ride. I opened my account to see that they had given back what I had paid and took MORE out of my bank account. I gave one driver a $6 tip and the other a $9 tip, the ride was direct, no stops, no changes and they charged me $15 over what I had already come out of my account. absolutely disgusting!",1,2026-03-04 20:09:24
"I waited for 15 minutes until it canceled my ride, then it upped the price by 40%. Then drivers cancel scheduled rides, and support doesn't care that you're late for work.",1,2026-03-04 19:49:25
"apk size: 118 MB (less than Uber, more than 190 other tested apps)",2,2026-03-04 19:43:29
"I had a bad experience with Lyft, a driver who was 5 minutes away from me took around 25 minutes to come, he would drive all around the area, keeping himself close but not actually coming to the pick up place. After that time the app just cancel the ride and gave me another one that I didn't ask for. I liked Lyft but they don't give you any actual tools to report and get paid back. I had to pay a fee for the ride because I had to take an Uber and cancel the second driver they sent.",1,2026-03-04 19:27:39
"The app is showing different locations for me and for my driver . The driver was waiting me 1 kilometre far , but the app shows that he is in the right spot! I think this app is deliberately doing that for extra charges",1,2026-03-04 18:27:44
Lower the damn prices,2,2026-03-04 17:24:57
this company is greedy and they are ten dollars higher then Uber.,1,2026-03-04 13:37:38
"Horrible. Don't use for any reason. Garbage, straight garbage. Overpriced compared to Uber. Trash.I have screenshots where they were charging 40 to 50 dollars for a 10 minute drive. Absolutely insane.",1,2026-03-04 13:14:58
app is easy to use wish we had more drivers in our area,5,2026-03-04 11:41:01
cool way to ride,5,2026-03-04 10:01:13
"I love Lyft home It always is here in a quick time It gets me to where I'm going faster than taking the bus, and it's on the cheaper side. cheaper than Uber",5,2026-03-04 09:09:31
"Lyft I will admit I had some okay experiences however a majority of them were negative such as a time where my work got me in trouble because a driver drove on a one way street, as well as another time where I put priority pickup and it took 20 minutes to arrive.",2,2026-03-04 08:02:24
The Waiting room is a lot better than my hou JUNE BUG,1,2026-03-04 07:54:56
some still being work on but wait for someone getting annoyed,2,2026-03-04 07:16:49
"I get a notification every two days that I have a credit, apparently to coax me to use the app. You can't turn off these notifications without turning off all notifications. I'll just uninstall it and go with the other evil ride share app.",1,2026-03-04 05:52:10
I got a 10 dollar off promotion and it's still 10 dollars more than Uber.,1,2026-03-04 05:35:21
Sends unecessary notification ad spam pushing you to book rides you don't need.,1,2026-03-04 05:31:28
Said pick up in 4 minutes but then changed to 10 after I was charged.,3,2026-03-04 04:48:10
Excellent! Much better and cheaper than UBER👍,5,2026-03-04 04:37:53
intrusive,1,2026-03-04 02:53:06
"I love time the short waiting times before being picked up! The clean vehicles, the nice drivers. There are way pros and cons!! Only con is not feeling fully informed about additional charges like their wait time. All in All I am very happy with Lyft",5,2026-03-04 02:23:21
my ride was friendly and enjoyable. excellent service. 👍,1,2026-03-04 02:10:02
"The app has progressively gotten worse and they are FORCING people to agree to new terms that forces them to waive damn near all their rights. no right to a jury trial, no right to class action, and they can charge an abuse fee of $250 and don't have to give a validated reason and that's just a few things. I have had several problems with the app myself and rarely can find resolve even when contacting support. And to top it all. NO REFUNDS irregardless of the situation. I think tf not!",1,2026-03-04 02:03:42
Drop off times are never what is estimated. Drivers can freely sit around for 20+ minutes ignoring you with no repercussions. Customer service is an ai chat that also ignores you. Terrible lack of service even if provided.,1,2026-03-04 01:59:35
now I only use Lyft because my insurance pays for me to go only to the doctor's appointment that's it. when I use to pay Lyft is a scammer when it comes to rides they charge you a lot. you can get a price for $32.00 to go but to come back home is $58.98. for rides use Uber because Uber gives you fair prices they in back Lyft scam you all the time funny mess with Uber eats neither only Uber rides Lyft get rid of thank you,1,2026-03-04 01:56:11
I have been with you guys since 2021 and ever since my last ride back in May a driver did something to my app and I am unable to use it ever since. I spoke customer service numerous times and the issue is still not fixed. I am unable to order a Lyft. Until the problem is rectified I will leave you at a two star.Very disappointing!,2,2026-03-04 00:26:38
"I like that it gives me options to save money with Wait & Pay. But, I waited and got a ride, but then the driver canceled on me. I'm waiting for another driver, and nothing. So, I go to cancel to try another option, and they want to charge me for waiting at least 10 minutes!...I also had a driver that was 17 mins later than he was supposed to be, bc he was doing another ride on another app! AND the app won't let me give written review, just selection options.",1,2026-03-04 00:16:28
"you made a bad decision trying to force me to wave my rights in your new terms of service. uninstalling, peace out.",1,2026-03-04 00:10:53
fix your app i got charged 30$ because your app auto switched the payment to my visa when it was supposed to be put as a business expense.,1,2026-03-03 23:56:09
App has some rough edges but seems to be ok. I had a fair level of difficulty setting up a future (in 2 days) reservation. Once I succeeded in getting it going I compared to Uber Similar Prices --- Oh I'm joking!! 13 Uber vs $47 Lyft WOW So I don't care how well the App works. I can't afford to pay $47 for a thirteen dollar ride !!!!!,2,2026-03-03 22:10:09
Even when you pick priority the pick up time is always longer than they say. The app also makes it way too easy for drivers to get turned around and take even longer. The prices are also way too high for nothing more than a 15 min drive.,3,2026-03-03 21:24:46
Horrible Experience! The driver did not show up and I was still charged for a ride. I spoke with customer service and found them very unhelpful. I will never use Lyft again due to the experience I had. If you are paying for a service they should at least show up and provide the service your paying for. I requested a full refund and they denied my request. I had to call and arrange a cab and pay double the price.If you want reliable transportation avoid Lyft. Your much better to go with uber,1,2026-03-03 20:24:49
"The driver's always come on time or earlier. they are always very helpful and polite. i use a Walker, and they have to put it in their trunk. There's never been a problem. And with that either.",5,2026-03-03 19:47:28
most drivers tell you how little they are getting paid. its pretty sick companies like Lyft and Uber can abuse people in this way. So to stop using these services all together I invested in a very nice electric scooter. for less than 1k you have have a scooter that goes 40mph top speed and 40miles of range.,1,2026-03-03 18:53:56
"Dog water lyft shared location doesn't work, adding family members you cant see their ride location either..unsafe app",1,2026-03-03 18:49:20
RIGGED SYSTEM IF YOU DONT PAY TOP PRICE GOOD LUCK FINDING A RIDE,1,2026-03-03 18:13:41
"Cheaper than the others, I've found. Their holds can block my credit card if I schedule in avance so I usually use the Wait and Save option unless I'm not at home.It usualky ends up being as quick as the standatd option. The drivers are good. cars clean and the app easy to use. Since my last car died of old age, I only use Lyft.",5,2026-03-03 15:32:47
price gouging at early hours when it shows multiple drivers.make u wait then the price jumps from reasonable to outrageous then all of a sudden u get a ride been feeling very iffy about this app might just stick to uber.and if I pay for a ride holds money way to long for no ride,2,2026-03-03 15:16:29
Professional and responsible.,5,2026-03-03 14:44:07
Way too expensive !!,4,2026-03-03 14:19:20
Prices...,1,2026-03-03 10:36:20
"I used the my I believe three times, in the same day. the first was astonishing, the driver was amazing. the second the driver was a fraudster. he showed up and stopped on the other side of the road. I messaged him that I was right on the corner, he did not respond, instead, he drove farther away and I could see him. then he cancelled the ride and got paid. he made more money that way, cancel the ride get paid a good percentage then pick someone else. third ok . this time the app does not work.",1,2026-03-03 08:25:49
"never told me that a ride wasn't coming, left me stranded in a strange place. had to walk home in the cold. terrible experience.",1,2026-03-03 08:06:24
App promises 6 minute wait with priority pickup. I agree to pay the premium and then the wait is 13 minutes. Stop lying to your customers. I'll try a taxi next time with Lyft getting worse every year,1,2026-03-03 08:05:06
Great app!,5,2026-03-03 07:10:10
"Prices are absolutely out of control now, I don't know what's going on but my 7 minute ride to work should NOT cost nearly 30 bucks when it's usually 7 or 8, on top of that the pickup time doesn't match up at all of what you get, I always end up getting someone 13 minutes away when it says 5.",1,2026-03-03 06:29:35
so far Lyft has the best prices and the Best service. I've used all kinds.,5,2026-03-03 05:09:25
Please HELP ME I'm trying to get back into the Lyft Process. I already have an account. I also have a New Cellphone number and I am trying to put my New information on my New phone but I'm having issues with my account. What do I need to do?,5,2026-03-03 03:00:22
Have been using Lyft for over 300 rides. I have got to work on time using them. They are drivers close by so I don't have to wait long.,5,2026-03-03 02:49:56
Horrible service from Lyft. New app just as bad,1,2026-03-03 02:45:00
Lyft has caused me to be late to work a couple of times. this new AI system is more worried about scamming their customers then making sure people get to work. prices so high can't tip no more,1,2026-03-03 01:55:05
I can't get past the login 😞,1,2026-03-03 00:47:37
"app isnt optimized for NYC, picks closest car even if it has to drive awhile and circle around. No reason but poor software.",1,2026-03-03 00:23:21
very good 👍,5,2026-03-02 23:14:25
Nrw terms and conditions only to say we waive the right to sue. You just lost me as a customer.,1,2026-03-02 23:06:52
do not use this app they will rip you off and take money out of bank account and won't help you,1,2026-03-02 22:12:26
Lyft is a great service that cares about people and getting them to where they need to go. The app is great and easy to use too. They also support social causes like trans people in Kansas. 💙,5,2026-03-02 22:08:54
"l just joined and have had first 5 rides free. Absolutely a great service, great drivers, best experience. P.Morris",5,2026-03-02 21:54:56
"I have unfortunately had the issue like many have, of drivers constantly canceling. I have 5 star ratings as a rider and never had this issue before. But the past two weeks they are just constantly canceling (3 drivers sometimes for 1 ride) making me late to my job no matter how early I try to leave. On top of that I have noticed the price jump.",3,2026-03-02 20:44:55
I was waiting at address I ordered to. I got a driver here message didnt see car anywhere so I called him. Driver went to the WRONG location expected me to walk 2 blocks over to where he was then LEFT when I was halfway there leaving me alone on dark street. Then I got a no show charge after being left by a driver who went to the WRONG location in the first place & then the customer service people were less then helpful. I'm going to let my bank deal with getting my money back & DONE with lyft!,1,2026-03-02 20:33:36
Keep showing a different currency even a different person info that had the same phone number,1,2026-03-02 20:19:19
"the price gauging is ridiculous. $22 for a 13 minute card ride, but it costs extra because of the snow? But it's not even enough snow to cause worry. Ridiculous prices.",2,2026-03-02 20:04:35
"Facts, Lyft is safer than Uber. The prices have recently gone up. To whoever might read this please take me very seriously when I say don't allow any driver to give you a free ride. Two drivers offered me this and I blocked them. A free ride means no tracking where you are going. You could get captured and raped and thee will be no evidence of you entering the vehicle to go anywhere. Sometimes paying could save your life. Some drivers work for Lyft and Uber so be careful.",5,2026-03-02 19:16:20
very disrespectful that I cannot order a ride to an important place and because of Uber not allowing me to order a ride because I cannot provide an identification. this app is disrespectful and deserves 1 star. I hate this app for that reason,1,2026-03-02 19:04:29
"If you decide to close app while seeing how much it would take to go to a place, then reopened it, the price would increase drastically. Then they'd find the furthest driver away from you and you'd have to wait and save even though I didnt pick that option. Like what's the point? Scum.",2,2026-03-02 18:28:15
stop being scammer. $35 for 10 minutes ride....I always do print screen about your prices. how you change in just 15 minutes the ride from $13 to $35? scammers,1,2026-03-02 17:15:51
the cost is outrageous vs Uber. high as hell to. don't forget items in the car. the drive well say he has them and never returns them. you contact Lyft support and they just B.S you around making things even more difficult. over all this company is trash.,1,2026-03-02 17:09:35
scheduling rides 3 hours ahead is meaningless. They'll make you wait an extra 1/2,1,2026-03-02 15:53:27
"overall smooth, courteous professional",5,2026-03-02 12:53:42
Said searching for drivers all day. Finally gave up and called a taxi and was told Lyft doesn't even come out in my area. They should tell you that in the app.,1,2026-03-02 12:42:14
this app just keeps getting worse and worse in terms of service while they jack up the prices and then customer service shows no compromise when rides don't show up on time and then you're late for an appointment.,1,2026-03-02 11:52:51
"They don't take responsibility for anything, and I was a 5-star customer, taking Lyft every day. I won't make that mistake again.",1,2026-03-02 10:55:56
haven't taken a lyft in years. I just recently started again and every ride has been pleasant every driver's been great not crazy about the prices but the app is easy to navigate and my ride is always on time. 5 minutes the longest I've had to wait,5,2026-03-02 10:52:02
"I don't know if it's just me or this app but whenever I actually need a ride to get some it just takes a extremely longer to get a ride. Unreliable, and real damned infuriating.",1,2026-03-02 10:29:19
"I used someone elses card for a like almost $22, ride, then i gave her $25 cash to cover it. Then i was bit by bed bugs all over and more than likely brought them in the house which is a HUGE ISSUE. I also have chronic eczema and am prone to getting cellulitis from the bites. an have no insurance. So this might cost me tens of thousands and all they had to say was they refunded the trip onto the card i used.. So I possibility have bed bugs, i got sores and im out $25 for it. Use UBER!",1,2026-03-02 09:47:40
"they use to be decent. now I can't get a ride, and when they fail to get me a ride for an hour, I STILL have to pay a $1 fee for canceling. they need to fix their s****. its been on a steep decline in service for way too long now. Its just reached unbearable finally. lame app. use Uber. at least they get you money back on they're overcharged rides.",1,2026-03-02 09:10:56
"quick prompt service, good drivers & Lyft makes everything user friendly",5,2026-03-02 08:32:24
"I've been a customer for 8 years and for the most part I've had good experiences but today 4-6-2025 I had the worst experience with one of your drivers his name is Aswad. He was sporadic, rude, drove very dangerously,got lost and didn't follow my directions. I pay for a good service and did NOT get it. He shouldn't be driving no one around. Very disappointing! $15 for a 5min ride? DONE USING THIS APP. The class action is going to be incredible! SCAM, SCAM, SCAM..",1,2026-03-02 05:59:22
good.,4,2026-03-02 05:07:09
very good 0lny 1mess up,4,2026-03-02 04:48:49
Couldn't reverse tip for someone I was having dropped off at a hotel. Don't tip until the person you're getting a ride for has arrived at their location. Lyft wouldn't let me reverse the charge. Terrible terrible customer service.,1,2026-03-02 03:30:50
"Haven't used the Lyft app in a while apparently they won't take PayPal anymore. So I tried to add a new card and I get an error each time I try to input. Eventually I figure it out that the app needed updating, but then I just got a new set of errors. not a fun journey back from the airport!",1,2026-03-02 02:40:36
"used to use it a lot, and now all of a sudden its asking for my ID. ive never had to upload my id before, and in the state of the world with apps stealing your data and turning into surveillance states, im not giving it my id. never had any issues before so dont know why its suddenly asking now.",1,2026-03-02 00:20:34
awesome app!!,4,2026-03-01 21:50:28
it's charging $54 on a wait and save to take me 10 mins down the road and $89 for the standard ride,1,2026-03-01 20:37:59
"Lyft just asked me if I wanted to pay an extra $3 to find a ride in 6 minutes. Literally the instant I declined, I was assigned a driver that's 6 minutes away. Don't fall for these fake upcharges. Lyft and Uber have these features designed to steal money from you.",1,2026-03-01 19:34:32
for me it has better car service and I've never had a problem in the year that I've been using it,5,2026-03-01 18:38:09
2026 and it still heats your phone.,1,2026-03-01 18:37:44
possibly the worst app to consider using says I paid for a ride then I went to use it again it says I owe for rides I already paid for. This app is stealing money and have no way to contact a person. it's all A.I. Chat that does nothing to help. I went back to Uber which has been a better option. This is a terrible app wish I could give it -5 stars,1,2026-03-01 17:50:58
"The app opened after I installed it. A welcoming screen informed me I couldn't use the app for violating their terms? Yeah ok what terms I haven't been in a lyft for at least 7 years. Then the incorect, insulting, welcoming screen message left and its searching for a ride and I can't ever see any of the options just the app buffering. I guess even in an emergency I won't be going anywhere in a lyft anytime soon. Waste of time trying to get this to work.",1,2026-03-01 17:23:47
loved it at first but then started canceling all the time and extreme price hikes,2,2026-03-01 17:17:19
Lyft driver will pickup you up maybe in 5 or 10 minutes after requesting ride in app. Driver brings you door to door to your evact destination. if there's a change or small adjustment it's okay. Instantly change it thru the app it's great. simple quick. I forgot got to add my gate code in my ride request. In the app there's no way to contact the driver. just got to keep it on the tracking map. You have arrived!!😁,5,2026-03-01 17:06:19
"Its becoming worse. They now charge more for no reason, other than exploiting you. Horrible.",1,2026-03-01 16:23:54
"I'm honestly astonished by this abhorrent pricing that Lyft is showing me, 70$ for a 20 min ride, Uber is offering it for 21-23$, it really shows when a company is down bad. I'm never using this service and telling others not to because this is straight price gouging.",1,2026-03-01 15:14:01
This app is like a pretty girl with herpes. you show up she looks good you hit it then ypu go home disappointed and itchy. it use to be good but now..... I'd choose to walk.....barefoot...... on hot glass...... while on Epstein island..... as a 14 year old girl.,1,2026-03-01 11:13:53
$46 for a ride? plus we still have to tip?! & the driver is so slow to get to our destination 🙄,1,2026-03-01 10:33:35
"I love Lyft .. but I can't help notice that book ride it get confirmed driver on the way, half way they cancel the ride for many reasons, they get more pay ride or can't navigate through construction..then start rebooking again which takes time. if the customer canceled there fees to pay.. so would like to see as well the driver should be hold accountable for theirs cancelation. thanks 😊 love Lyft",5,2026-03-01 08:07:26
Lyft is way over priced will never use them again,1,2026-03-01 07:38:40
drivers are not even moving for 15 mins even with priority pickup upgrade. this happens almost everytime and gets me late to work everytime,1,2026-03-01 05:22:46
greedy company it knows you need a ride then it increases the prices,1,2026-03-01 04:53:27
"Lyft has no customer service number and uses AI for chat. I left an item in my driver's car, and when we contacted him, he said he only spoke Spanish and hung up on me. he spoke English well during the ride. Lyft is also very picky about what you can submit complaints about, and are overall very unhelpful. Don't use them at all!",1,2026-03-01 03:31:15
i love Lyft very friendly staff,5,2026-03-01 02:58:14
Used to be great. Now it's horrible. 3 drivers cancelled on me. should have done wait and save. you're prices are ridiculous. it was $3 cheaper on Uber and the driver came immediately. I won't be using this app anymore.,1,2026-03-01 01:27:51
"need to improve app and maps function, especially in Downtown Chicago where driver's get lost and complain frequently about GPS",3,2026-03-01 00:58:27
great,5,2026-02-28 23:47:15
"Lyft is at times worse than Uber. They will take 10 to 15 minutes for you to ""find a driver"" then it will cancel on you and tell you to try again later. When you do try, the rates double or triple on you and when you do get a driver they cancel on you. At least Uber doesn't cancel your request and ask you to try again later. *Update: I accidentally reversed my pickup and destination. Quote was 23. I swap and it goes 70 to 100. I had to get in my savings to get home. They're robbing people!",1,2026-02-28 23:16:42
no rides available when I needed them,1,2026-02-28 22:50:44
STAY AWAY from this app. They steal money from their customers. Why pay Lyft $45 for a trip you can pay Uber $28 for? Lyft is completely immortal & corrupt they way they price gouge customers when you can just order through Uber for 70% cheaper and not have to deal with disrespectful drivers. They also don't do proper backroom checks on their drivers & do NOT respond responsibly to reports of sexual harassment & abuse. Save yourself the headache and just stick with Uber,1,2026-02-28 21:40:53
Great app!!! 👍 👌 👊,5,2026-02-28 21:17:42
"Very easy trip planning. The app is similar to Uber but better. Many drivers are also Uber drivers, but Lyft is less expensive by far.",5,2026-02-28 21:13:30
Used to be better. Too expensive. Not enough drivers. now charges to cancel a wait and save ride. predatory business tactics. now they charge you a cancel fee after 30 secs even if you never had a driver on the way. for what?,1,2026-02-28 20:04:25
"Lyft support app is extremely bad: 1. they would rather delay support for you for days so you give up on the money they owe you 2. their electric scooter service is malfunctional (end ride feature often doesn't work causing panic, fr!) and crazy expensive",1,2026-02-28 19:53:53
"they take your money, and if they cant find a driver, they tell you it will be 5-7 days to get your money back.",1,2026-02-28 19:29:30
"They manipulate reviews by changing 1 star revies to 5 star and showing unrated on your end, then they force you to agree to arbitration so you can't sue them and pretend to not know what you're speaking of in support when you are trying to opt out as per your legal right to opt out of arbitration sighted in the terms and conditions. Drivers also accept rides before they're ready causing me to be late for work and I got no compensation for it.",1,2026-02-28 18:54:56
"I used to like Lyft, but now my experience is that the app says X minutes that it doesn't deliver in, or purchase an upgrade, but it's all calculated to squeeze as much money out of you as possible.",1,2026-02-28 17:46:50
"1. Their drivers/App doesn’t keep to time. Always delaying. You will accept a ride that is supposed to arrive within 3 minutes. The next thing you will see is the driver arriving in 7 minutes. How? from 3 minutes to 7 minutes. 2. When you cancel a ride because of their delay, Lyft will still charge you. Useless App. Their IT team should work on the App. 3. If you are trying to meet up on time to avoid stories that touch the heart, please don't use Lyft, book other cab services.",1,2026-02-28 16:53:52
just too pricey,2,2026-02-28 16:03:47
"trash app 😒 isn't cheaper, isn't faster, and definitely not worth even making an account",1,2026-02-28 15:51:49
"App wouldn't give me a way to contact driver and then charged me when they cancelled my ride because we couldn't locate each other. I'd rather call a yellow cab, at least then I can reach a live person.",1,2026-02-28 13:02:12
"I have been taking Lyft for years. I have over 5,000 rides and I can honestly tell you I have never been disappointed. I am Blessed because they always got me to work thru the covid and even when I had trouble with my eyes and almost Blind. Lyft never failed me and I have loved every single driver. Lyft is my hero.",5,2026-02-28 13:02:09
"lost my phone in a friend's lyft, lyft won't help me get my phone back because it was ""my ride"". do yourself a favor and just Uber, it's cheaper and they probably would have helped me get my phone back (oh and my friend messaged the driver and got no response)",1,2026-02-28 09:22:13
tried 3 times to get a ride and none of the 6 drivers want the ride. lost a 5% off and had money held on my CC. Will not recommend and will more than likely find a way to disable the account.,1,2026-02-28 09:10:48
"oh you joined Lyft and want to verify your credit card? get fkd. our verification software doesn't accept cards where the number isn't all in a row. oh you have a TD credit card? that isn't a real card, cause the numbers aren't in a row. listen Lyft. I got excited cause you joined saskatoon, but what's the point if I can't even sign up.",1,2026-02-28 08:35:11
Had me bite a 1 dollar cancellation fee even though there were ZERO drivers in my area to accept the ride. Complete greed,1,2026-02-28 07:05:45
"so tell me why, a ride from my job to my house which is a 21min drive, cost around $70?, I didn't place a ride, I just begged on the corner like some homeless man for a ride",1,2026-02-28 06:45:45
"I used to use Lyft all the time but can't anymore because now ""You must be 18 to request a Lyft ride"" (I'm 60).",1,2026-02-28 06:43:21
very enjoyable,5,2026-02-28 06:37:48
"ordered a standard ride with a waypoint stop. they sent a Toyota Sienna. i was then charged for an xl ride that I didn't order as well as extra charges for the stop (after I already paid for the stop). interestingly enough, they don't have the ability to change it after the fact. with today's technology? i call b.s. too many fraudulent charges.",2,2026-02-28 06:33:14
I added 50 dollars to my account and it's charged me another three times. it won't let me change the payment method. I spent 50 dollars on your app and I can't use it. the agents read your texts and then pass you over to someone else when they can't fix it- after they read you the same directions again. they need a specialized team to do a refund so I have to wait for an email. but after an hour and a half of very slow responses they said they can't do cash refund nor can they refund any trips,1,2026-02-28 05:58:49
"I love it... It helps me everytime, if i want to use it. Smart app! simple and moving forward.🚗😇✌",5,2026-02-28 05:42:49
love the drivers there a god sent,5,2026-02-28 05:15:15
it's great and good deals,5,2026-02-28 04:58:34
"This service add fees for everything, a wait a save service canceled I have to paid a Fee for it.... Uber have more cheap services and a really nice customer services.",1,2026-02-28 04:38:33
"awesome drivers, clean cars and of course GREAT price",5,2026-02-28 03:40:26
I had someone book a ride for me and there not responding about my head phone case my beats head phone case and now I gotta spend another 70 is there a way y'all could re enberse me for the it cause I'm tight on money and missing my beats case,1,2026-02-28 03:38:11
I had a very pleasant time with Lyft.,5,2026-02-28 02:53:14
"this app is pure robbery, it charged me 22 extra dollars on top of my rate for changing terminals at newark aiport. from terminal A to terminal C. this is why people dont want to use this service and the driver got paid 30 dollars out of the 79 dollars i was charged. when contacted customer service they didnt care about anything. never using this app again.",1,2026-02-28 02:42:47
okay,5,2026-02-28 02:33:52
idk what's going on with this app but since yesterday it just won't load after I enter my pick up and drop off! very frustrating and such a waste of time! I usually prefer this app over the better prices but I guess stuck with Uber now.,1,2026-02-28 00:42:41
prices are criminal when having to put in a request. asking for 50 or so dollars to put in a standard request.,2,2026-02-27 22:04:19
very good 👍,5,2026-02-27 21:53:39
"RIDICULOUS!!!!! At 9:26 am I ordered a ride to work. I did NOT close my app. Apparently, a driver was chosen IMMEDIATELY and sent SEVERAL MESSAGES and CALLS, NONE of which I received until AFTER his ""departure."" This was around 940ish. Then I ordered another ride, which took 10 minutes to get to my house and another 10 minutes to get to my job leaving my to arrive LATE and receive ATTENDANCE POINTS against me!!!! This is RIDICULOUS!!!!!",1,2026-02-27 21:35:42
good 😊👍,5,2026-02-27 21:01:15
drivers canceling very easily after waiting for 30 minutes,1,2026-02-27 20:44:08
"I am constantly having drivers in Winnipeg show up for a scheduled time, usually early, and just leaving. Drivers who leave early should be rated and be given feedback. It's been happening daily on my way to work, and then I have to wait till it finds another car.",1,2026-02-27 17:47:23
"Terrible app. Very disappointing experience. The app constantly takes too long to find a driver, and most of the time no driver is assigned at all. After waiting several minutes, I end up cancelling the ride and booking with another app. They advertise great discounts, but clearly don’t have enough drivers to support the demand. This happens frequently and makes the service unreliable. What’s the point of cheap rides if you can never actually get one? I would not recommend this app.",1,2026-02-27 17:27:39
lyft its becoming very more expensive for same rides i caught last year. a ride that cost like seven bucks its now like 14 to 20$ wat makes it worse the pick u up like 10 to 15 mins. yesterday i had a 12 dollar ride i wanted 6mins than they kicked me out saying there's no car than the price went up to 20bucks i wanted like 2hours than i pay 18 dam bucks i was pissed af,1,2026-02-27 17:21:00
my ride to work was $11 today it's $17 with the price Lock pass 10 miles to work 10 miles from work same routine 8 months higher prices after work I have buy a vehicle can't afford it,3,2026-02-27 17:05:03
"This is just one example, of many. I made a pickup to go a mile and a half for 6.97. Fair price for that distance. Once I was done, I wanted to go back from where I was picked up. Looked for a Lyft ride to take me back. They wanted to charge me over 17 dollars, when it was only 6.97 before. The ""system "" knew i would want to go back, because it was a Dollar General i went to. This is some shady trapping, for profit. Not a good look Lyft!!!!!",2,2026-02-27 16:45:41
Code for new user is not working,1,2026-02-27 16:00:15
"Reserved few hours in advance a ride to the airport. Ride was confirmed with a driver name. suddenly no driver was available. Waited for 6 minutes while it was looking for another driver. no one was found. canceled Ride. tried again with same result. I had to drive myself because if I didn't, I would have missed my flight. now I have to pay enormous parking fees. can no longer depend on LYFT. I will be uninstallung shortly",1,2026-02-27 15:08:26
"Uber sucks Lyft all the way, they actually have people to talk to if issues account. They dont throw you into a SOL situation. LYFT ALWAYS OVER UBER!",5,2026-02-27 13:12:42
"late at night if u don't pay for the most expensive one..,. u won't get a lyft... doesn't matter how much u have spent total",1,2026-02-27 12:11:58
Lyft is running a scam. charging $35 for less than 3 miles,1,2026-02-27 10:58:37
"Mr. Mohammed was outstanding, his ride was exceptionally comfortable, thanks.",5,2026-02-27 09:59:59
great person,4,2026-02-27 09:54:03
Great,5,2026-02-27 09:41:47
Wait & Save option is a scam!,2,2026-02-27 09:28:00
with trust ur ride,5,2026-02-27 09:22:48
there's little to no drivers in my area 😭,3,2026-02-27 09:17:53
I was deducted money from my account for a ride. I wasn't actually reimbursed yet. I've been waiting over an hour for a driver. now I can't cancel the ride and now I can't order another ride. I think I'll switch to Uber. you've officially lost my business!,1,2026-02-27 09:15:28
I should be allowed to tip whatever amount I want. I don't know why there is a max amount.,2,2026-02-27 08:50:06
"They still can't calculate wait times. And they add an extra minute to ""match you to a driver."" Bleck. 5 minutes equals 12. 11 minutes equals 20. Star inflation is annoying. 4 star is ok and I don't want to have to say something's wrong to leave a 4 star rating.",1,2026-02-27 08:23:09
so far so good,5,2026-02-27 08:14:55
Irritatingly slow to connect to drivers. When when using Black or Black SUV there's always at least a minute or so waiting before it finds a ride. Just prioritize the expensive rides please. Nice that they connect to United to earn miles.,3,2026-02-27 08:09:04
Terrible he left me and I had to walk took off with my purse stole 80$ cash out of it..Ill never take lyft again..I've yet to get my cash the driver took..He couldn't even speak English at all,1,2026-02-27 07:34:45
it's like their stealing from me,1,2026-02-27 07:29:24
ok,5,2026-02-27 06:29:27
ok,4,2026-02-27 06:29:06
wont let me order rides without confirming with a second devit card with the same address i dont have a second devit card! theres $105 in my Lyft wallet!,1,2026-02-27 06:06:36
I try to get into my account with Lyft cab but they have been saying I violated the only thing I tried is to change my phone number the old one to update the new cellphone number that's all I tried to do I try to contact the Lyft support but it won't let me know what I did I even try to contact the agent but nothing,1,2026-02-27 06:00:14
"I fully think drivers should start getting penalized or something when they pick-up a ride in their queue and then cancel the ride after the customer has been already waiting on them. not only does that delay the customer from arriving on time but it also stops other drivers from potential making money. its happened multiple times to me where a driver picks up my ride, it'll say they're on their way and I'll watch them drive to my location, just to cancel my ride when they get around the corner",1,2026-02-27 05:01:18
"I don't understand it. Paid for my usual ride, and the driver didn't even move. Just stood in position for over 5 minutes, and because I cant waste my time on waiting for them to decide to move, I had to cancel my order. But, no, because I canceled, I got a cancelation fee. The driver literally didn't even move, parked in a plaza near my home. Like, come on, really?",1,2026-02-27 04:27:10
Lyft is way fair to customers who use they app than Uber they give deals promotions with percentage off and you Don't have to pay full price all the time they actually acknowledge they customers and the rates are pretty much decent in my opinion.,5,2026-02-27 03:15:49
"Charged my account for no reason, and there's no way to simply disable my form of payment in the app. I have to disable my card in order to prevent random charges now.",1,2026-02-27 01:29:26
"1st visit to Las Vegas, installed Lyft. All my drivers were prompt, courteous and helpful.",5,2026-02-27 00:51:22
save for you a car. this is a total repoff. these fees are for to high for the distance. I rode lyft for a week to work only 12 mins from where I stay and it cost me $300 that's half a car in a week. How is a 10 to 12 min trip $41 I don't care what time it is or what day it is. Help me understand why would anyone pay $40 for a 12 minute trip. insane prices.,1,2026-02-27 00:36:42
Always a convient and great ride,4,2026-02-26 23:21:08
great,5,2026-02-26 23:16:35
uhh Lyft?? y'all didn't have to upgrade my ride for free!! that's super generous.,5,2026-02-26 22:47:12
"There's a bug where I don't get email receipts & support told me it was Google's problem!! 😆 So if you need a receipt to get reimbursed for, you should probably prefer the Uber app instead EDIT: the support team figured out that I unsubscribed to receipts. So, I guess just don't do that! 👍",1,2026-02-26 22:36:07
no one accepts my rides and then i become late for work almost everyday,1,2026-02-26 20:24:48
over charging for rides for absolutely no reason.,1,2026-02-26 20:17:47
this app is so amazing and i love it and specially catching to my meeting and back home from the meeting in the morning,5,2026-02-26 20:13:35
excellent,5,2026-02-26 19:56:32
I am mad at them for charging me for a ride I didn't cancel.,3,2026-02-26 19:44:41
nice people down to earth love ther drivers good to get along with,5,2026-02-26 17:15:13
Totally sublime service!,5,2026-02-26 17:11:26
"*First and Worst Lyft Experience of My Life* - My first and worst experience ever with Lyft on January 31, 2026. I still can't accept that I got robbed of a bag containing important items by one of their drivers. I tried in vain to contact the driver, but they did nothing to help me. It's too easy to say you're not responsible for items left in your drivers' cars. Too easy. We just want to speak to the driver, like we did to book the ride, but they refuse. Where is passenger safety? Robbers !!!",1,2026-02-26 16:04:05
Where is the zero star!,1,2026-02-26 15:58:50
I love Lyft they are the best taxi company in the whole wide world thank you 🙏🙏❤️❤️✌️✌️,5,2026-02-26 15:04:52
enjoy my rides all the time,5,2026-02-26 14:28:31
"The people are friendly and amazing they get me too and fromwork,safely with no problems.. I couldnt ask for anything more 💓",5,2026-02-26 12:46:22
"Lawsuits are needed!!! Lyft fees start applying after 2min wait from pick up! Lyft allow drivers to press ""arrived"" when drivers are not in parking lot or on street for pick up!!! Price Lock is a rip off!!! Riders don't ALWAYS get the price lock fare and price lock fare will increase EVERY time for renewal! PLEASE have your drivers stop pulling in other neighbors driveways!!!",1,2026-02-26 10:49:05
i added lyft cash from the card which I am using regularly they allowed me to add the amount from the same card from which they later started declining to take as the backup card. They didn't let me use my lyft cash and while reporting this to the customer help centre they everytime close the issue without listening to me. Don't try this if you are new as uber is much better than this.,1,2026-02-26 09:13:07
no complaints thus far,5,2026-02-26 08:02:12
You are charged double if you try to leave a tip. Not impressed.,1,2026-02-26 06:01:06
Somehow made me tip even after I didn't submit a tip. Customer support refused to do anything about it.,1,2026-02-26 04:13:43
"Wait times for a driver are not accurate, even during regular/slow times. Multiple times I've paid more for a quicker ride that ended up taking just as long as a 'wait and save' ride. It was a waste of money with no way to recoup added cost or wasted time.",1,2026-02-26 04:01:32
lyft doesn't need business because they make the app difficult,1,2026-02-26 03:21:18
"I'm going to cancel this app, awfull experience. no joke!",1,2026-02-26 03:15:13
"very, very bad. several times Can not find my house which in your system. also can not communicate with them",1,2026-02-26 01:25:13
App works great. I'm a lyft pink and silver subscriber and they charged me for priority upgrade which is supposed to be included.,2,2026-02-26 01:10:12
"I originally used Lyft because it was cheaper but now... no. I was charged 14.99 for a ride that was 9.99 on someone else's phone. Same ride, same time, same location- COMPLETELY different prices. I shouldn't have to pay to stop your greedy asses from stealing my money. It doesn't even go to the drivers.",1,2026-02-26 00:45:18
"called for a ride and he went to Garland he was suppose to pick me up and 8 minutes, and then it ended up being 20 something minutes before he could get to me. Cause he drove past me and went to Garling, Texas. And he just kept going further, and further out, and the time kept going kept going higher. And high, so our accounts have a ride",1,2026-02-25 23:54:28
"Finally deleting the account and app. rude customer service executive. the one not rude are clueless. apps broken cause drivers don't move for 10-15 min, then you cancel in frustration and get charged a fee for the driver not moving at all. Uber all the way. saving 2-3 dollars over Uber that too on occasion is too much hassle given how badly this app is run. back to Uber.",1,2026-02-25 21:48:55
"worst service...a Lyft pass issue oversee my account.... no one ever school fees my issue... it turns out that you must select a pick up location on their service map. I live 5 blocks from one. Once I selected thar location as my pick up location and plugged in my work address... it suddenly worked. why in the bell did no one suggest that. Select within a service area is vague. once I zoomed in, I selected one of the stops. Not intuitive.",1,2026-02-25 21:20:55
wait times are horrible and never match up to what the app says your arrival time will be. this app makes me late to everything,1,2026-02-25 21:07:11
Good 🤘,5,2026-02-25 20:40:19
in my opinion Lyft is much affordable than Uber.,5,2026-02-25 20:05:11
Of COURSE I love Lyft been riding off and on for almost 10 years... thanks man... I agree with the wait and save. not worth it. I've had a cancel OR my favorite is when they show up within 2 minutes.. it's cool but I honestly needed to get ready best thing to do is just get ready first? then u know get a Lyft. still 5 stars in my book as that experience doesn't happen all the time.,5,2026-02-25 20:04:43
"great drivers, fair flat rate prices",5,2026-02-25 20:04:07
